Meal_ID,Timestamp,Meal_Type,Carbs_g
2025-06-01_Breakfast,2025-06-01 08:15:00,Breakfast,25
2025-06-01_Lunch,2025-06-01 12:45:00,Lunch,57
2025-06-01_Dinner,2025-06-01 18:30:00,Dinner,50
2025-06-01_Snack,2025-06-01 15:30:00,Snack,13
2025-06-02_Breakfast,2025-06-02 08:15:00,Breakfast,26
2025-06-02_Lunch,2025-06-02 12:45:00,Lunch,62
2025-06-02_Dinner,2025-06-02 18:30:00,Dinner,48
2025-06-03_Breakfast,2025-06-03 08:15:00,Breakfast,42
2025-06-03_Lunch,2025-06-03 12:45:00,Lunch,61
2025-06-03_Dinner,2025-06-03 18:30:00,Dinner,57
2025-06-04_Breakfast,2025-06-04 08:15:00,Breakfast,49
2025-06-04_Lunch,2025-06-04 12:45:00,Lunch,48
2025-06-04_Dinner,2025-06-04 18:30:00,Dinner,75
2025-06-04_Snack,2025-06-04 15:30:00,Snack,11
2025-06-05_Breakfast,2025-06-05 08:15:00,Breakfast,54
2025-06-05_Lunch,2025-06-05 12:45:00,Lunch,76
2025-06-05_Dinner,2025-06-05 18:30:00,Dinner,75
2025-06-06_Breakfast,2025-06-06 08:15:00,Breakfast,27
2025-06-06_Lunch,2025-06-06 12:45:00,Lunch,68
2025-06-06_Dinner,2025-06-06 18:30:00,Dinner,46
2025-06-07_Breakfast,2025-06-07 08:15:00,Breakfast,34
2025-06-07_Lunch,2025-06-07 12:45:00,Lunch,69
2025-06-07_Dinner,2025-06-07 18:30:00,Dinner,69
2025-06-08_Breakfast,2025-06-08 08:15:00,Breakfast,52
2025-06-08_Lunch,2025-06-08 12:45:00,Lunch,45
2025-06-08_Dinner,2025-06-08 18:30:00,Dinner,37
2025-06-08_Snack,2025-06-08 15:30:00,Snack,22
2025-06-09_Breakfast,2025-06-09 08:15:00,Breakfast,38
2025-06-09_Lunch,2025-06-09 12:45:00,Lunch,46
2025-06-09_Dinner,2025-06-09 18:30:00,Dinner,50
2025-06-09_Snack,2025-06-09 15:30:00,Snack,11
2025-06-10_Breakfast,2025-06-10 08:15:00,Breakfast,32
2025-06-10_Lunch,2025-06-10 12:45:00,Lunch,73
2025-06-10_Dinner,2025-06-10 18:30:00,Dinner,61
2025-06-11_Breakfast,2025-06-11 08:15:00,Breakfast,51
2025-06-11_Lunch,2025-06-11 12:45:00,Lunch,73
2025-06-11_Dinner,2025-06-11 18:30:00,Dinner,61
2025-06-12_Breakfast,2025-06-12 08:15:00,Breakfast,28
2025-06-12_Lunch,2025-06-12 12:45:00,Lunch,75
2025-06-12_Dinner,2025-06-12 18:30:00,Dinner,51
2025-06-13_Breakfast,2025-06-13 08:15:00,Breakfast,52
2025-06-13_Lunch,2025-06-13 12:45:00,Lunch,56
2025-06-13_Dinner,2025-06-13 18:30:00,Dinner,35
2025-06-13_Snack,2025-06-13 15:30:00,Snack,14
2025-06-14_Breakfast,2025-06-14 08:15:00,Breakfast,27
2025-06-14_Lunch,2025-06-14 12:45:00,Lunch,54
2025-06-14_Dinner,2025-06-14 18:30:00,Dinner,59
2025-06-15_Breakfast,2025-06-15 08:15:00,Breakfast,34
2025-06-15_Lunch,2025-06-15 12:45:00,Lunch,57
2025-06-15_Dinner,2025-06-15 18:30:00,Dinner,73
2025-06-16_Breakfast,2025-06-16 08:15:00,Breakfast,39
2025-06-16_Lunch,2025-06-16 12:45:00,Lunch,65
2025-06-16_Dinner,2025-06-16 18:30:00,Dinner,35
2025-06-17_Breakfast,2025-06-17 08:15:00,Breakfast,35
2025-06-17_Lunch,2025-06-17 12:45:00,Lunch,68
2025-06-17_Dinner,2025-06-17 18:30:00,Dinner,36
2025-06-17_Snack,2025-06-17 15:30:00,Snack,16
2025-06-18_Breakfast,2025-06-18 08:15:00,Breakfast,46
2025-06-18_Lunch,2025-06-18 12:45:00,Lunch,44
2025-06-18_Dinner,2025-06-18 18:30:00,Dinner,71
2025-06-19_Breakfast,2025-06-19 08:15:00,Breakfast,45
2025-06-19_Lunch,2025-06-19 12:45:00,Lunch,45
2025-06-19_Dinner,2025-06-19 18:30:00,Dinner,58
2025-06-20_Breakfast,2025-06-20 08:15:00,Breakfast,31
2025-06-20_Lunch,2025-06-20 12:45:00,Lunch,73
2025-06-20_Dinner,2025-06-20 18:30:00,Dinner,75
2025-06-20_Snack,2025-06-20 15:30:00,Snack,23
2025-06-21_Breakfast,2025-06-21 08:15:00,Breakfast,40
2025-06-21_Lunch,2025-06-21 12:45:00,Lunch,47
2025-06-21_Dinner,2025-06-21 18:30:00,Dinner,59
2025-06-21_Snack,2025-06-21 15:30:00,Snack,19
2025-06-22_Breakfast,2025-06-22 08:15:00,Breakfast,35
2025-06-22_Lunch,2025-06-22 12:45:00,Lunch,66
2025-06-22_Dinner,2025-06-22 18:30:00,Dinner,37
2025-06-22_Snack,2025-06-22 15:30:00,Snack,12
2025-06-23_Breakfast,2025-06-23 08:15:00,Breakfast,55
2025-06-23_Lunch,2025-06-23 12:45:00,Lunch,78
2025-06-23_Dinner,2025-06-23 18:30:00,Dinner,66
2025-06-23_Snack,2025-06-23 15:30:00,Snack,21
2025-06-24_Breakfast,2025-06-24 08:15:00,Breakfast,53
2025-06-24_Lunch,2025-06-24 12:45:00,Lunch,58
2025-06-24_Dinner,2025-06-24 18:30:00,Dinner,48
2025-06-24_Snack,2025-06-24 15:30:00,Snack,25
2025-06-25_Breakfast,2025-06-25 08:15:00,Breakfast,53
2025-06-25_Lunch,2025-06-25 12:45:00,Lunch,79
2025-06-25_Dinner,2025-06-25 18:30:00,Dinner,74
2025-06-25_Snack,2025-06-25 15:30:00,Snack,10
2025-06-26_Breakfast,2025-06-26 08:15:00,Breakfast,45
2025-06-26_Lunch,2025-06-26 12:45:00,Lunch,69
2025-06-26_Dinner,2025-06-26 18:30:00,Dinner,57
2025-06-27_Breakfast,2025-06-27 08:15:00,Breakfast,43
2025-06-27_Lunch,2025-06-27 12:45:00,Lunch,62
2025-06-27_Dinner,2025-06-27 18:30:00,Dinner,44
2025-06-27_Snack,2025-06-27 15:30:00,Snack,16
2025-06-28_Breakfast,2025-06-28 08:15:00,Breakfast,50
2025-06-28_Lunch,2025-06-28 12:45:00,Lunch,73
2025-06-28_Dinner,2025-06-28 18:30:00,Dinner,66
2025-06-28_Snack,2025-06-28 15:30:00,Snack,13
2025-06-29_Breakfast,2025-06-29 08:15:00,Breakfast,45
2025-06-29_Lunch,2025-06-29 12:45:00,Lunch,43
2025-06-29_Dinner,2025-06-29 18:30:00,Dinner,54
2025-06-29_Snack,2025-06-29 15:30:00,Snack,21
2025-06-30_Breakfast,2025-06-30 08:15:00,Breakfast,47
2025-06-30_Lunch,2025-06-30 12:45:00,Lunch,49
2025-06-30_Dinner,2025-06-30 18:30:00,Dinner,59
2025-07-01_Breakfast,2025-07-01 08:15:00,Breakfast,37
2025-07-01_Lunch,2025-07-01 12:45:00,Lunch,58
2025-07-01_Dinner,2025-07-01 18:30:00,Dinner,62
2025-07-02_Breakfast,2025-07-02 08:15:00,Breakfast,49
2025-07-02_Lunch,2025-07-02 12:45:00,Lunch,70
2025-07-02_Dinner,2025-07-02 18:30:00,Dinner,49
2025-07-02_Snack,2025-07-02 15:30:00,Snack,19
2025-07-03_Breakfast,2025-07-03 08:15:00,Breakfast,30
2025-07-03_Lunch,2025-07-03 12:45:00,Lunch,55
2025-07-03_Dinner,2025-07-03 18:30:00,Dinner,69
2025-07-03_Snack,2025-07-03 15:30:00,Snack,24
2025-07-04_Breakfast,2025-07-04 08:15:00,Breakfast,38
2025-07-04_Lunch,2025-07-04 12:45:00,Lunch,67
2025-07-04_Dinner,2025-07-04 18:30:00,Dinner,38
2025-07-05_Breakfast,2025-07-05 08:15:00,Breakfast,40
2025-07-05_Lunch,2025-07-05 12:45:00,Lunch,58
2025-07-05_Dinner,2025-07-05 18:30:00,Dinner,43
2025-07-05_Snack,2025-07-05 15:30:00,Snack,12
2025-07-06_Breakfast,2025-07-06 08:15:00,Breakfast,29
2025-07-06_Lunch,2025-07-06 12:45:00,Lunch,67
2025-07-06_Dinner,2025-07-06 18:30:00,Dinner,70
2025-07-07_Breakfast,2025-07-07 08:15:00,Breakfast,38
2025-07-07_Lunch,2025-07-07 12:45:00,Lunch,74
2025-07-07_Dinner,2025-07-07 18:30:00,Dinner,59
2025-07-08_Breakfast,2025-07-08 08:15:00,Breakfast,41
2025-07-08_Lunch,2025-07-08 12:45:00,Lunch,73
2025-07-08_Dinner,2025-07-08 18:30:00,Dinner,60
2025-07-09_Breakfast,2025-07-09 08:15:00,Breakfast,31
2025-07-09_Lunch,2025-07-09 12:45:00,Lunch,59
2025-07-09_Dinner,2025-07-09 18:30:00,Dinner,45
2025-07-10_Breakfast,2025-07-10 08:15:00,Breakfast,26
2025-07-10_Lunch,2025-07-10 12:45:00,Lunch,80
2025-07-10_Dinner,2025-07-10 18:30:00,Dinner,41
2025-07-11_Breakfast,2025-07-11 08:15:00,Breakfast,54
2025-07-11_Lunch,2025-07-11 12:45:00,Lunch,61
2025-07-11_Dinner,2025-07-11 18:30:00,Dinner,64
2025-07-12_Breakfast,2025-07-12 08:15:00,Breakfast,51
2025-07-12_Lunch,2025-07-12 12:45:00,Lunch,44
2025-07-12_Dinner,2025-07-12 18:30:00,Dinner,58
2025-07-13_Breakfast,2025-07-13 08:15:00,Breakfast,41
2025-07-13_Lunch,2025-07-13 12:45:00,Lunch,71
2025-07-13_Dinner,2025-07-13 18:30:00,Dinner,64
2025-07-14_Breakfast,2025-07-14 08:15:00,Breakfast,37
2025-07-14_Lunch,2025-07-14 12:45:00,Lunch,45
2025-07-14_Dinner,2025-07-14 18:30:00,Dinner,61
2025-07-15_Breakfast,2025-07-15 08:15:00,Breakfast,36
2025-07-15_Lunch,2025-07-15 12:45:00,Lunch,55
2025-07-15_Dinner,2025-07-15 18:30:00,Dinner,60
2025-07-16_Breakfast,2025-07-16 08:15:00,Breakfast,35
2025-07-16_Lunch,2025-07-16 12:45:00,Lunch,68
2025-07-16_Dinner,2025-07-16 18:30:00,Dinner,75
2025-07-16_Snack,2025-07-16 15:30:00,Snack,14
2025-07-17_Breakfast,2025-07-17 08:15:00,Breakfast,31
2025-07-17_Lunch,2025-07-17 12:45:00,Lunch,50
2025-07-17_Dinner,2025-07-17 18:30:00,Dinner,58
2025-07-17_Snack,2025-07-17 15:30:00,Snack,19
2025-07-18_Breakfast,2025-07-18 08:15:00,Breakfast,55
2025-07-18_Lunch,2025-07-18 12:45:00,Lunch,78
2025-07-18_Dinner,2025-07-18 18:30:00,Dinner,71
2025-07-19_Breakfast,2025-07-19 08:15:00,Breakfast,28
2025-07-19_Lunch,2025-07-19 12:45:00,Lunch,59
2025-07-19_Dinner,2025-07-19 18:30:00,Dinner,51
2025-07-19_Snack,2025-07-19 15:30:00,Snack,11
2025-07-20_Breakfast,2025-07-20 08:15:00,Breakfast,42
2025-07-20_Lunch,2025-07-20 12:45:00,Lunch,49
2025-07-20_Dinner,2025-07-20 18:30:00,Dinner,60
2025-07-21_Breakfast,2025-07-21 08:15:00,Breakfast,26
2025-07-21_Lunch,2025-07-21 12:45:00,Lunch,74
2025-07-21_Dinner,2025-07-21 18:30:00,Dinner,55
2025-07-22_Breakfast,2025-07-22 08:15:00,Breakfast,35
2025-07-22_Lunch,2025-07-22 12:45:00,Lunch,77
2025-07-22_Dinner,2025-07-22 18:30:00,Dinner,39
2025-07-23_Breakfast,2025-07-23 08:15:00,Breakfast,36
2025-07-23_Lunch,2025-07-23 12:45:00,Lunch,73
2025-07-23_Dinner,2025-07-23 18:30:00,Dinner,52
2025-07-24_Breakfast,2025-07-24 08:15:00,Breakfast,52
2025-07-24_Lunch,2025-07-24 12:45:00,Lunch,52
2025-07-24_Dinner,2025-07-24 18:30:00,Dinner,53
2025-07-24_Snack,2025-07-24 15:30:00,Snack,23
2025-07-25_Breakfast,2025-07-25 08:15:00,Breakfast,41
2025-07-25_Lunch,2025-07-25 12:45:00,Lunch,56
2025-07-25_Dinner,2025-07-25 18:30:00,Dinner,69
2025-07-26_Breakfast,2025-07-26 08:15:00,Breakfast,42
2025-07-26_Lunch,2025-07-26 12:45:00,Lunch,60
2025-07-26_Dinner,2025-07-26 18:30:00,Dinner,53
2025-07-26_Snack,2025-07-26 15:30:00,Snack,14
2025-07-27_Breakfast,2025-07-27 08:15:00,Breakfast,30
2025-07-27_Lunch,2025-07-27 12:45:00,Lunch,52
2025-07-27_Dinner,2025-07-27 18:30:00,Dinner,62
2025-07-28_Breakfast,2025-07-28 08:15:00,Breakfast,50
2025-07-28_Lunch,2025-07-28 12:45:00,Lunch,50
2025-07-28_Dinner,2025-07-28 18:30:00,Dinner,61
2025-07-29_Breakfast,2025-07-29 08:15:00,Breakfast,51
2025-07-29_Lunch,2025-07-29 12:45:00,Lunch,80
2025-07-29_Dinner,2025-07-29 18:30:00,Dinner,48
2025-07-30_Breakfast,2025-07-30 08:15:00,Breakfast,54
2025-07-30_Lunch,2025-07-30 12:45:00,Lunch,41
2025-07-30_Dinner,2025-07-30 18:30:00,Dinner,40
2025-07-31_Breakfast,2025-07-31 08:15:00,Breakfast,42
2025-07-31_Lunch,2025-07-31 12:45:00,Lunch,50
2025-07-31_Dinner,2025-07-31 18:30:00,Dinner,61
2025-08-01_Breakfast,2025-08-01 08:15:00,Breakfast,45
2025-08-01_Lunch,2025-08-01 12:45:00,Lunch,49
2025-08-01_Dinner,2025-08-01 18:30:00,Dinner,75
2025-08-02_Breakfast,2025-08-02 08:15:00,Breakfast,41
2025-08-02_Lunch,2025-08-02 12:45:00,Lunch,55
2025-08-02_Dinner,2025-08-02 18:30:00,Dinner,65
2025-08-03_Breakfast,2025-08-03 08:15:00,Breakfast,42
2025-08-03_Lunch,2025-08-03 12:45:00,Lunch,67
2025-08-03_Dinner,2025-08-03 18:30:00,Dinner,67
2025-08-04_Breakfast,2025-08-04 08:15:00,Breakfast,32
2025-08-04_Lunch,2025-08-04 12:45:00,Lunch,60
2025-08-04_Dinner,2025-08-04 18:30:00,Dinner,52
2025-08-05_Breakfast,2025-08-05 08:15:00,Breakfast,45
2025-08-05_Lunch,2025-08-05 12:45:00,Lunch,70
2025-08-05_Dinner,2025-08-05 18:30:00,Dinner,69
2025-08-06_Breakfast,2025-08-06 08:15:00,Breakfast,40
2025-08-06_Lunch,2025-08-06 12:45:00,Lunch,65
2025-08-06_Dinner,2025-08-06 18:30:00,Dinner,47
2025-08-06_Snack,2025-08-06 15:30:00,Snack,24
2025-08-07_Breakfast,2025-08-07 08:15:00,Breakfast,35
2025-08-07_Lunch,2025-08-07 12:45:00,Lunch,77
2025-08-07_Dinner,2025-08-07 18:30:00,Dinner,73
2025-08-07_Snack,2025-08-07 15:30:00,Snack,11
2025-08-08_Breakfast,2025-08-08 08:15:00,Breakfast,32
2025-08-08_Lunch,2025-08-08 12:45:00,Lunch,40
2025-08-08_Dinner,2025-08-08 18:30:00,Dinner,46
2025-08-09_Breakfast,2025-08-09 08:15:00,Breakfast,46
2025-08-09_Lunch,2025-08-09 12:45:00,Lunch,53
2025-08-09_Dinner,2025-08-09 18:30:00,Dinner,72
2025-08-10_Breakfast,2025-08-10 08:15:00,Breakfast,54
2025-08-10_Lunch,2025-08-10 12:45:00,Lunch,48
2025-08-10_Dinner,2025-08-10 18:30:00,Dinner,55
2025-08-10_Snack,2025-08-10 15:30:00,Snack,15
2025-08-11_Breakfast,2025-08-11 08:15:00,Breakfast,25
2025-08-11_Lunch,2025-08-11 12:45:00,Lunch,77
2025-08-11_Dinner,2025-08-11 18:30:00,Dinner,62
2025-08-12_Breakfast,2025-08-12 08:15:00,Breakfast,50
2025-08-12_Lunch,2025-08-12 12:45:00,Lunch,58
2025-08-12_Dinner,2025-08-12 18:30:00,Dinner,36
2025-08-13_Breakfast,2025-08-13 08:15:00,Breakfast,41
2025-08-13_Lunch,2025-08-13 12:45:00,Lunch,49
2025-08-13_Dinner,2025-08-13 18:30:00,Dinner,43
2025-08-13_Snack,2025-08-13 15:30:00,Snack,14
2025-08-14_Breakfast,2025-08-14 08:15:00,Breakfast,28
2025-08-14_Lunch,2025-08-14 12:45:00,Lunch,77
2025-08-14_Dinner,2025-08-14 18:30:00,Dinner,54
2025-08-15_Breakfast,2025-08-15 08:15:00,Breakfast,28
2025-08-15_Lunch,2025-08-15 12:45:00,Lunch,60
2025-08-15_Dinner,2025-08-15 18:30:00,Dinner,69
2025-08-15_Snack,2025-08-15 15:30:00,Snack,24
2025-08-16_Breakfast,2025-08-16 08:15:00,Breakfast,48
2025-08-16_Lunch,2025-08-16 12:45:00,Lunch,49
2025-08-16_Dinner,2025-08-16 18:30:00,Dinner,38
2025-08-17_Breakfast,2025-08-17 08:15:00,Breakfast,47
2025-08-17_Lunch,2025-08-17 12:45:00,Lunch,49
2025-08-17_Dinner,2025-08-17 18:30:00,Dinner,61
2025-08-17_Snack,2025-08-17 15:30:00,Snack,11
2025-08-18_Breakfast,2025-08-18 08:15:00,Breakfast,47
2025-08-18_Lunch,2025-08-18 12:45:00,Lunch,60
2025-08-18_Dinner,2025-08-18 18:30:00,Dinner,66
2025-08-19_Breakfast,2025-08-19 08:15:00,Breakfast,43
2025-08-19_Lunch,2025-08-19 12:45:00,Lunch,72
2025-08-19_Dinner,2025-08-19 18:30:00,Dinner,63
2025-08-20_Breakfast,2025-08-20 08:15:00,Breakfast,28
2025-08-20_Lunch,2025-08-20 12:45:00,Lunch,64
2025-08-20_Dinner,2025-08-20 18:30:00,Dinner,49
2025-08-21_Breakfast,2025-08-21 08:15:00,Breakfast,25
2025-08-21_Lunch,2025-08-21 12:45:00,Lunch,53
2025-08-21_Dinner,2025-08-21 18:30:00,Dinner,68
2025-08-21_Snack,2025-08-21 15:30:00,Snack,24
2025-08-22_Breakfast,2025-08-22 08:15:00,Breakfast,48
2025-08-22_Lunch,2025-08-22 12:45:00,Lunch,54
2025-08-22_Dinner,2025-08-22 18:30:00,Dinner,67
2025-08-23_Breakfast,2025-08-23 08:15:00,Breakfast,45
2025-08-23_Lunch,2025-08-23 12:45:00,Lunch,43
2025-08-23_Dinner,2025-08-23 18:30:00,Dinner,71
2025-08-23_Snack,2025-08-23 15:30:00,Snack,17
2025-08-24_Breakfast,2025-08-24 08:15:00,Breakfast,36
2025-08-24_Lunch,2025-08-24 12:45:00,Lunch,71
2025-08-24_Dinner,2025-08-24 18:30:00,Dinner,73
2025-08-24_Snack,2025-08-24 15:30:00,Snack,25
2025-08-25_Breakfast,2025-08-25 08:15:00,Breakfast,30
2025-08-25_Lunch,2025-08-25 12:45:00,Lunch,47
2025-08-25_Dinner,2025-08-25 18:30:00,Dinner,62
2025-08-26_Breakfast,2025-08-26 08:15:00,Breakfast,28
2025-08-26_Lunch,2025-08-26 12:45:00,Lunch,70
2025-08-26_Dinner,2025-08-26 18:30:00,Dinner,71
2025-08-27_Breakfast,2025-08-27 08:15:00,Breakfast,32
2025-08-27_Lunch,2025-08-27 12:45:00,Lunch,72
2025-08-27_Dinner,2025-08-27 18:30:00,Dinner,41
2025-08-28_Breakfast,2025-08-28 08:15:00,Breakfast,26
2025-08-28_Lunch,2025-08-28 12:45:00,Lunch,40
2025-08-28_Dinner,2025-08-28 18:30:00,Dinner,45
2025-08-28_Snack,2025-08-28 15:30:00,Snack,11
2025-08-29_Breakfast,2025-08-29 08:15:00,Breakfast,25
2025-08-29_Lunch,2025-08-29 12:45:00,Lunch,63
2025-08-29_Dinner,2025-08-29 18:30:00,Dinner,58
2025-08-30_Breakfast,2025-08-30 08:15:00,Breakfast,36
2025-08-30_Lunch,2025-08-30 12:45:00,Lunch,45
2025-08-30_Dinner,2025-08-30 18:30:00,Dinner,37
2025-08-31_Breakfast,2025-08-31 08:15:00,Breakfast,47
2025-08-31_Lunch,2025-08-31 12:45:00,Lunch,53
2025-08-31_Dinner,2025-08-31 18:30:00,Dinner,38
2025-09-01_Breakfast,2025-09-01 08:15:00,Breakfast,47
2025-09-01_Lunch,2025-09-01 12:45:00,Lunch,47
2025-09-01_Dinner,2025-09-01 18:30:00,Dinner,65
2025-09-01_Snack,2025-09-01 15:30:00,Snack,22
2025-09-02_Breakfast,2025-09-02 08:15:00,Breakfast,49
2025-09-02_Lunch,2025-09-02 12:45:00,Lunch,43
2025-09-02_Dinner,2025-09-02 18:30:00,Dinner,60
2025-09-03_Breakfast,2025-09-03 08:15:00,Breakfast,27
2025-09-03_Lunch,2025-09-03 12:45:00,Lunch,75
2025-09-03_Dinner,2025-09-03 18:30:00,Dinner,37
2025-09-04_Breakfast,2025-09-04 08:15:00,Breakfast,40
2025-09-04_Lunch,2025-09-04 12:45:00,Lunch,49
2025-09-04_Dinner,2025-09-04 18:30:00,Dinner,49
2025-09-05_Breakfast,2025-09-05 08:15:00,Breakfast,33
2025-09-05_Lunch,2025-09-05 12:45:00,Lunch,62
2025-09-05_Dinner,2025-09-05 18:30:00,Dinner,45
2025-09-06_Breakfast,2025-09-06 08:15:00,Breakfast,51
2025-09-06_Lunch,2025-09-06 12:45:00,Lunch,65
2025-09-06_Dinner,2025-09-06 18:30:00,Dinner,67
2025-09-06_Snack,2025-09-06 15:30:00,Snack,16
2025-09-07_Breakfast,2025-09-07 08:15:00,Breakfast,46
2025-09-07_Lunch,2025-09-07 12:45:00,Lunch,64
2025-09-07_Dinner,2025-09-07 18:30:00,Dinner,43
2025-09-08_Breakfast,2025-09-08 08:15:00,Breakfast,42
2025-09-08_Lunch,2025-09-08 12:45:00,Lunch,56
2025-09-08_Dinner,2025-09-08 18:30:00,Dinner,63
2025-09-08_Snack,2025-09-08 15:30:00,Snack,18
2025-09-09_Breakfast,2025-09-09 08:15:00,Breakfast,29
2025-09-09_Lunch,2025-09-09 12:45:00,Lunch,71
2025-09-09_Dinner,2025-09-09 18:30:00,Dinner,47
2025-09-10_Breakfast,2025-09-10 08:15:00,Breakfast,34
2025-09-10_Lunch,2025-09-10 12:45:00,Lunch,77
2025-09-10_Dinner,2025-09-10 18:30:00,Dinner,50
2025-09-11_Breakfast,2025-09-11 08:15:00,Breakfast,27
2025-09-11_Lunch,2025-09-11 12:45:00,Lunch,80
2025-09-11_Dinner,2025-09-11 18:30:00,Dinner,51
2025-09-12_Breakfast,2025-09-12 08:15:00,Breakfast,40
2025-09-12_Lunch,2025-09-12 12:45:00,Lunch,43
2025-09-12_Dinner,2025-09-12 18:30:00,Dinner,40
2025-09-12_Snack,2025-09-12 15:30:00,Snack,24
2025-09-13_Breakfast,2025-09-13 08:15:00,Breakfast,45
2025-09-13_Lunch,2025-09-13 12:45:00,Lunch,79
2025-09-13_Dinner,2025-09-13 18:30:00,Dinner,41
2025-09-14_Breakfast,2025-09-14 08:15:00,Breakfast,53
2025-09-14_Lunch,2025-09-14 12:45:00,Lunch,53
2025-09-14_Dinner,2025-09-14 18:30:00,Dinner,39
2025-09-14_Snack,2025-09-14 15:30:00,Snack,16
2025-09-15_Breakfast,2025-09-15 08:15:00,Breakfast,51
2025-09-15_Lunch,2025-09-15 12:45:00,Lunch,61
2025-09-15_Dinner,2025-09-15 18:30:00,Dinner,48
2025-09-16_Breakfast,2025-09-16 08:15:00,Breakfast,31
2025-09-16_Lunch,2025-09-16 12:45:00,Lunch,57
2025-09-16_Dinner,2025-09-16 18:30:00,Dinner,40
2025-09-17_Breakfast,2025-09-17 08:15:00,Breakfast,34
2025-09-17_Lunch,2025-09-17 12:45:00,Lunch,57
2025-09-17_Dinner,2025-09-17 18:30:00,Dinner,67
2025-09-17_Snack,2025-09-17 15:30:00,Snack,21
2025-09-18_Breakfast,2025-09-18 08:15:00,Breakfast,44
2025-09-18_Lunch,2025-09-18 12:45:00,Lunch,78
2025-09-18_Dinner,2025-09-18 18:30:00,Dinner,37
2025-09-18_Snack,2025-09-18 15:30:00,Snack,13
2025-09-19_Breakfast,2025-09-19 08:15:00,Breakfast,37
2025-09-19_Lunch,2025-09-19 12:45:00,Lunch,53
2025-09-19_Dinner,2025-09-19 18:30:00,Dinner,41
2025-09-20_Breakfast,2025-09-20 08:15:00,Breakfast,37
2025-09-20_Lunch,2025-09-20 12:45:00,Lunch,67
2025-09-20_Dinner,2025-09-20 18:30:00,Dinner,47
2025-09-21_Breakfast,2025-09-21 08:15:00,Breakfast,26
2025-09-21_Lunch,2025-09-21 12:45:00,Lunch,68
2025-09-21_Dinner,2025-09-21 18:30:00,Dinner,61
2025-09-22_Breakfast,2025-09-22 08:15:00,Breakfast,53
2025-09-22_Lunch,2025-09-22 12:45:00,Lunch,72
2025-09-22_Dinner,2025-09-22 18:30:00,Dinner,56
2025-09-23_Breakfast,2025-09-23 08:15:00,Breakfast,29
2025-09-23_Lunch,2025-09-23 12:45:00,Lunch,40
2025-09-23_Dinner,2025-09-23 18:30:00,Dinner,43
2025-09-23_Snack,2025-09-23 15:30:00,Snack,17
2025-09-24_Breakfast,2025-09-24 08:15:00,Breakfast,55
2025-09-24_Lunch,2025-09-24 12:45:00,Lunch,80
2025-09-24_Dinner,2025-09-24 18:30:00,Dinner,43
2025-09-25_Breakfast,2025-09-25 08:15:00,Breakfast,44
2025-09-25_Lunch,2025-09-25 12:45:00,Lunch,77
2025-09-25_Dinner,2025-09-25 18:30:00,Dinner,72
2025-09-25_Snack,2025-09-25 15:30:00,Snack,21
2025-09-26_Breakfast,2025-09-26 08:15:00,Breakfast,48
2025-09-26_Lunch,2025-09-26 12:45:00,Lunch,49
2025-09-26_Dinner,2025-09-26 18:30:00,Dinner,57
2025-09-27_Breakfast,2025-09-27 08:15:00,Breakfast,44
2025-09-27_Lunch,2025-09-27 12:45:00,Lunch,44
2025-09-27_Dinner,2025-09-27 18:30:00,Dinner,46
2025-09-28_Breakfast,2025-09-28 08:15:00,Breakfast,26
2025-09-28_Lunch,2025-09-28 12:45:00,Lunch,76
2025-09-28_Dinner,2025-09-28 18:30:00,Dinner,60
2025-09-29_Breakfast,2025-09-29 08:15:00,Breakfast,49
2025-09-29_Lunch,2025-09-29 12:45:00,Lunch,75
2025-09-29_Dinner,2025-09-29 18:30:00,Dinner,62
2025-09-30_Breakfast,2025-09-30 08:15:00,Breakfast,32
2025-09-30_Lunch,2025-09-30 12:45:00,Lunch,60
2025-09-30_Dinner,2025-09-30 18:30:00,Dinner,53
2025-09-30_Snack,2025-09-30 15:30:00,Snack,10
2025-10-01_Breakfast,2025-10-01 08:15:00,Breakfast,33
2025-10-01_Lunch,2025-10-01 12:45:00,Lunch,78
2025-10-01_Dinner,2025-10-01 18:30:00,Dinner,74
2025-10-01_Snack,2025-10-01 15:30:00,Snack,12
2025-10-02_Breakfast,2025-10-02 08:15:00,Breakfast,30
2025-10-02_Lunch,2025-10-02 12:45:00,Lunch,52
2025-10-02_Dinner,2025-10-02 18:30:00,Dinner,58
2025-10-03_Breakfast,2025-10-03 08:15:00,Breakfast,31
2025-10-03_Lunch,2025-10-03 12:45:00,Lunch,60
2025-10-03_Dinner,2025-10-03 18:30:00,Dinner,66
2025-10-03_Snack,2025-10-03 15:30:00,Snack,25
2025-10-04_Breakfast,2025-10-04 08:15:00,Breakfast,26
2025-10-04_Lunch,2025-10-04 12:45:00,Lunch,64
2025-10-04_Dinner,2025-10-04 18:30:00,Dinner,75
2025-10-05_Breakfast,2025-10-05 08:15:00,Breakfast,30
2025-10-05_Lunch,2025-10-05 12:45:00,Lunch,61
2025-10-05_Dinner,2025-10-05 18:30:00,Dinner,73
2025-10-05_Snack,2025-10-05 15:30:00,Snack,11
2025-10-06_Breakfast,2025-10-06 08:15:00,Breakfast,42
2025-10-06_Lunch,2025-10-06 12:45:00,Lunch,50
2025-10-06_Dinner,2025-10-06 18:30:00,Dinner,60
2025-10-07_Breakfast,2025-10-07 08:15:00,Breakfast,36
2025-10-07_Lunch,2025-10-07 12:45:00,Lunch,44
2025-10-07_Dinner,2025-10-07 18:30:00,Dinner,56
2025-10-08_Breakfast,2025-10-08 08:15:00,Breakfast,32
2025-10-08_Lunch,2025-10-08 12:45:00,Lunch,75
2025-10-08_Dinner,2025-10-08 18:30:00,Dinner,61
2025-10-09_Breakfast,2025-10-09 08:15:00,Breakfast,45
2025-10-09_Lunch,2025-10-09 12:45:00,Lunch,55
2025-10-09_Dinner,2025-10-09 18:30:00,Dinner,63
2025-10-10_Breakfast,2025-10-10 08:15:00,Breakfast,52
2025-10-10_Lunch,2025-10-10 12:45:00,Lunch,53
2025-10-10_Dinner,2025-10-10 18:30:00,Dinner,59
2025-10-11_Breakfast,2025-10-11 08:15:00,Breakfast,53
2025-10-11_Lunch,2025-10-11 12:45:00,Lunch,53
2025-10-11_Dinner,2025-10-11 18:30:00,Dinner,52
2025-10-12_Breakfast,2025-10-12 08:15:00,Breakfast,36
2025-10-12_Lunch,2025-10-12 12:45:00,Lunch,41
2025-10-12_Dinner,2025-10-12 18:30:00,Dinner,52
2025-10-13_Breakfast,2025-10-13 08:15:00,Breakfast,33
2025-10-13_Lunch,2025-10-13 12:45:00,Lunch,69
2025-10-13_Dinner,2025-10-13 18:30:00,Dinner,69
2025-10-14_Breakfast,2025-10-14 08:15:00,Breakfast,41
2025-10-14_Lunch,2025-10-14 12:45:00,Lunch,53
2025-10-14_Dinner,2025-10-14 18:30:00,Dinner,74
2025-10-15_Breakfast,2025-10-15 08:15:00,Breakfast,30
2025-10-15_Lunch,2025-10-15 12:45:00,Lunch,43
2025-10-15_Dinner,2025-10-15 18:30:00,Dinner,69
2025-10-16_Breakfast,2025-10-16 08:15:00,Breakfast,25
2025-10-16_Lunch,2025-10-16 12:45:00,Lunch,47
2025-10-16_Dinner,2025-10-16 18:30:00,Dinner,39
2025-10-16_Snack,2025-10-16 15:30:00,Snack,16
2025-10-17_Breakfast,2025-10-17 08:15:00,Breakfast,32
2025-10-17_Lunch,2025-10-17 12:45:00,Lunch,60
2025-10-17_Dinner,2025-10-17 18:30:00,Dinner,62
2025-10-18_Breakfast,2025-10-18 08:15:00,Breakfast,41
2025-10-18_Lunch,2025-10-18 12:45:00,Lunch,79
2025-10-18_Dinner,2025-10-18 18:30:00,Dinner,41
2025-10-18_Snack,2025-10-18 15:30:00,Snack,18
2025-10-19_Breakfast,2025-10-19 08:15:00,Breakfast,53
2025-10-19_Lunch,2025-10-19 12:45:00,Lunch,42
2025-10-19_Dinner,2025-10-19 18:30:00,Dinner,43
2025-10-20_Breakfast,2025-10-20 08:15:00,Breakfast,50
2025-10-20_Lunch,2025-10-20 12:45:00,Lunch,54
2025-10-20_Dinner,2025-10-20 18:30:00,Dinner,48
2025-10-21_Breakfast,2025-10-21 08:15:00,Breakfast,38
2025-10-21_Lunch,2025-10-21 12:45:00,Lunch,80
2025-10-21_Dinner,2025-10-21 18:30:00,Dinner,73
2025-10-22_Breakfast,2025-10-22 08:15:00,Breakfast,55
2025-10-22_Lunch,2025-10-22 12:45:00,Lunch,50
2025-10-22_Dinner,2025-10-22 18:30:00,Dinner,42
2025-10-23_Breakfast,2025-10-23 08:15:00,Breakfast,47
2025-10-23_Lunch,2025-10-23 12:45:00,Lunch,47
2025-10-23_Dinner,2025-10-23 18:30:00,Dinner,60
2025-10-24_Breakfast,2025-10-24 08:15:00,Breakfast,36
2025-10-24_Lunch,2025-10-24 12:45:00,Lunch,46
2025-10-24_Dinner,2025-10-24 18:30:00,Dinner,60
2025-10-25_Breakfast,2025-10-25 08:15:00,Breakfast,38
2025-10-25_Lunch,2025-10-25 12:45:00,Lunch,72
2025-10-25_Dinner,2025-10-25 18:30:00,Dinner,36
2025-10-26_Breakfast,2025-10-26 08:15:00,Breakfast,35
2025-10-26_Lunch,2025-10-26 12:45:00,Lunch,42
2025-10-26_Dinner,2025-10-26 18:30:00,Dinner,52
2025-10-26_Snack,2025-10-26 15:30:00,Snack,10
2025-10-27_Breakfast,2025-10-27 08:15:00,Breakfast,28
2025-10-27_Lunch,2025-10-27 12:45:00,Lunch,66
2025-10-27_Dinner,2025-10-27 18:30:00,Dinner,44
2025-10-28_Breakfast,2025-10-28 08:15:00,Breakfast,25
2025-10-28_Lunch,2025-10-28 12:45:00,Lunch,65
2025-10-28_Dinner,2025-10-28 18:30:00,Dinner,57
2025-10-29_Breakfast,2025-10-29 08:15:00,Breakfast,38
2025-10-29_Lunch,2025-10-29 12:45:00,Lunch,58
2025-10-29_Dinner,2025-10-29 18:30:00,Dinner,67
2025-10-30_Breakfast,2025-10-30 08:15:00,Breakfast,50
2025-10-30_Lunch,2025-10-30 12:45:00,Lunch,42
2025-10-30_Dinner,2025-10-30 18:30:00,Dinner,53
2025-10-31_Breakfast,2025-10-31 08:15:00,Breakfast,36
2025-10-31_Lunch,2025-10-31 12:45:00,Lunch,46
2025-10-31_Dinner,2025-10-31 18:30:00,Dinner,62
2025-11-01_Breakfast,2025-11-01 08:15:00,Breakfast,25
2025-11-01_Lunch,2025-11-01 12:45:00,Lunch,78
2025-11-01_Dinner,2025-11-01 18:30:00,Dinner,64
2025-11-01_Snack,2025-11-01 15:30:00,Snack,16
2025-11-02_Breakfast,2025-11-02 08:15:00,Breakfast,45
2025-11-02_Lunch,2025-11-02 12:45:00,Lunch,46
2025-11-02_Dinner,2025-11-02 18:30:00,Dinner,40
2025-11-02_Snack,2025-11-02 15:30:00,Snack,12
2025-11-03_Breakfast,2025-11-03 08:15:00,Breakfast,42
2025-11-03_Lunch,2025-11-03 12:45:00,Lunch,49
2025-11-03_Dinner,2025-11-03 18:30:00,Dinner,35
2025-11-04_Breakfast,2025-11-04 08:15:00,Breakfast,37
2025-11-04_Lunch,2025-11-04 12:45:00,Lunch,49
2025-11-04_Dinner,2025-11-04 18:30:00,Dinner,42
2025-11-05_Breakfast,2025-11-05 08:15:00,Breakfast,44
2025-11-05_Lunch,2025-11-05 12:45:00,Lunch,70
2025-11-05_Dinner,2025-11-05 18:30:00,Dinner,39
2025-11-06_Breakfast,2025-11-06 08:15:00,Breakfast,27
2025-11-06_Lunch,2025-11-06 12:45:00,Lunch,76
2025-11-06_Dinner,2025-11-06 18:30:00,Dinner,59
2025-11-07_Breakfast,2025-11-07 08:15:00,Breakfast,25
2025-11-07_Lunch,2025-11-07 12:45:00,Lunch,64
2025-11-07_Dinner,2025-11-07 18:30:00,Dinner,35
2025-11-07_Snack,2025-11-07 15:30:00,Snack,13
2025-11-08_Breakfast,2025-11-08 08:15:00,Breakfast,29
2025-11-08_Lunch,2025-11-08 12:45:00,Lunch,72
2025-11-08_Dinner,2025-11-08 18:30:00,Dinner,72
2025-11-09_Breakfast,2025-11-09 08:15:00,Breakfast,32
2025-11-09_Lunch,2025-11-09 12:45:00,Lunch,53
2025-11-09_Dinner,2025-11-09 18:30:00,Dinner,49
2025-11-09_Snack,2025-11-09 15:30:00,Snack,14
2025-11-10_Breakfast,2025-11-10 08:15:00,Breakfast,52
2025-11-10_Lunch,2025-11-10 12:45:00,Lunch,45
2025-11-10_Dinner,2025-11-10 18:30:00,Dinner,54
2025-11-11_Breakfast,2025-11-11 08:15:00,Breakfast,34
2025-11-11_Lunch,2025-11-11 12:45:00,Lunch,64
2025-11-11_Dinner,2025-11-11 18:30:00,Dinner,46
2025-11-11_Snack,2025-11-11 15:30:00,Snack,23
2025-11-12_Breakfast,2025-11-12 08:15:00,Breakfast,33
2025-11-12_Lunch,2025-11-12 12:45:00,Lunch,64
2025-11-12_Dinner,2025-11-12 18:30:00,Dinner,73
2025-11-13_Breakfast,2025-11-13 08:15:00,Breakfast,49
2025-11-13_Lunch,2025-11-13 12:45:00,Lunch,80
2025-11-13_Dinner,2025-11-13 18:30:00,Dinner,55
2025-11-14_Breakfast,2025-11-14 08:15:00,Breakfast,36
2025-11-14_Lunch,2025-11-14 12:45:00,Lunch,80
2025-11-14_Dinner,2025-11-14 18:30:00,Dinner,69
2025-11-15_Breakfast,2025-11-15 08:15:00,Breakfast,48
2025-11-15_Lunch,2025-11-15 12:45:00,Lunch,79
2025-11-15_Dinner,2025-11-15 18:30:00,Dinner,70
2025-11-15_Snack,2025-11-15 15:30:00,Snack,15
2025-11-16_Breakfast,2025-11-16 08:15:00,Breakfast,42
2025-11-16_Lunch,2025-11-16 12:45:00,Lunch,67
2025-11-16_Dinner,2025-11-16 18:30:00,Dinner,75
2025-11-17_Breakfast,2025-11-17 08:15:00,Breakfast,39
2025-11-17_Lunch,2025-11-17 12:45:00,Lunch,47
2025-11-17_Dinner,2025-11-17 18:30:00,Dinner,61
2025-11-18_Breakfast,2025-11-18 08:15:00,Breakfast,51
2025-11-18_Lunch,2025-11-18 12:45:00,Lunch,66
2025-11-18_Dinner,2025-11-18 18:30:00,Dinner,64
2025-11-19_Breakfast,2025-11-19 08:15:00,Breakfast,39
2025-11-19_Lunch,2025-11-19 12:45:00,Lunch,57
2025-11-19_Dinner,2025-11-19 18:30:00,Dinner,41
2025-11-20_Breakfast,2025-11-20 08:15:00,Breakfast,34
2025-11-20_Lunch,2025-11-20 12:45:00,Lunch,69
2025-11-20_Dinner,2025-11-20 18:30:00,Dinner,59
2025-11-21_Breakfast,2025-11-21 08:15:00,Breakfast,27
2025-11-21_Lunch,2025-11-21 12:45:00,Lunch,51
2025-11-21_Dinner,2025-11-21 18:30:00,Dinner,40
2025-11-22_Breakfast,2025-11-22 08:15:00,Breakfast,43
2025-11-22_Lunch,2025-11-22 12:45:00,Lunch,52
2025-11-22_Dinner,2025-11-22 18:30:00,Dinner,45
2025-11-22_Snack,2025-11-22 15:30:00,Snack,20
2025-11-23_Breakfast,2025-11-23 08:15:00,Breakfast,51
2025-11-23_Lunch,2025-11-23 12:45:00,Lunch,66
2025-11-23_Dinner,2025-11-23 18:30:00,Dinner,36
2025-11-23_Snack,2025-11-23 15:30:00,Snack,25
2025-11-24_Breakfast,2025-11-24 08:15:00,Breakfast,32
2025-11-24_Lunch,2025-11-24 12:45:00,Lunch,61
2025-11-24_Dinner,2025-11-24 18:30:00,Dinner,48
2025-11-25_Breakfast,2025-11-25 08:15:00,Breakfast,52
2025-11-25_Lunch,2025-11-25 12:45:00,Lunch,63
2025-11-25_Dinner,2025-11-25 18:30:00,Dinner,71
2025-11-26_Breakfast,2025-11-26 08:15:00,Breakfast,28
2025-11-26_Lunch,2025-11-26 12:45:00,Lunch,43
2025-11-26_Dinner,2025-11-26 18:30:00,Dinner,59
2025-11-27_Breakfast,2025-11-27 08:15:00,Breakfast,25
2025-11-27_Lunch,2025-11-27 12:45:00,Lunch,58
2025-11-27_Dinner,2025-11-27 18:30:00,Dinner,49
2025-11-27_Snack,2025-11-27 15:30:00,Snack,18
2025-11-28_Breakfast,2025-11-28 08:15:00,Breakfast,45
2025-11-28_Lunch,2025-11-28 12:45:00,Lunch,63
2025-11-28_Dinner,2025-11-28 18:30:00,Dinner,61
2025-11-28_Snack,2025-11-28 15:30:00,Snack,15
2025-11-29_Breakfast,2025-11-29 08:15:00,Breakfast,49
2025-11-29_Lunch,2025-11-29 12:45:00,Lunch,66
2025-11-29_Dinner,2025-11-29 18:30:00,Dinner,74
2025-11-30_Breakfast,2025-11-30 08:15:00,Breakfast,36
2025-11-30_Lunch,2025-11-30 12:45:00,Lunch,42
2025-11-30_Dinner,2025-11-30 18:30:00,Dinner,40
2025-11-30_Snack,2025-11-30 15:30:00,Snack,10
2025-12-01_Breakfast,2025-12-01 08:15:00,Breakfast,33
2025-12-01_Lunch,2025-12-01 12:45:00,Lunch,75
2025-12-01_Dinner,2025-12-01 18:30:00,Dinner,47
2025-12-02_Breakfast,2025-12-02 08:15:00,Breakfast,42
2025-12-02_Lunch,2025-12-02 12:45:00,Lunch,44
2025-12-02_Dinner,2025-12-02 18:30:00,Dinner,52
2025-12-03_Breakfast,2025-12-03 08:15:00,Breakfast,39
2025-12-03_Lunch,2025-12-03 12:45:00,Lunch,67
2025-12-03_Dinner,2025-12-03 18:30:00,Dinner,69
2025-12-03_Snack,2025-12-03 15:30:00,Snack,16
2025-12-04_Breakfast,2025-12-04 08:15:00,Breakfast,48
2025-12-04_Lunch,2025-12-04 12:45:00,Lunch,56
2025-12-04_Dinner,2025-12-04 18:30:00,Dinner,62
2025-12-05_Breakfast,2025-12-05 08:15:00,Breakfast,36
2025-12-05_Lunch,2025-12-05 12:45:00,Lunch,60
2025-12-05_Dinner,2025-12-05 18:30:00,Dinner,58
2025-12-06_Breakfast,2025-12-06 08:15:00,Breakfast,43
2025-12-06_Lunch,2025-12-06 12:45:00,Lunch,73
2025-12-06_Dinner,2025-12-06 18:30:00,Dinner,62
2025-12-07_Breakfast,2025-12-07 08:15:00,Breakfast,49
2025-12-07_Lunch,2025-12-07 12:45:00,Lunch,57
2025-12-07_Dinner,2025-12-07 18:30:00,Dinner,64
2025-12-08_Breakfast,2025-12-08 08:15:00,Breakfast,52
2025-12-08_Lunch,2025-12-08 12:45:00,Lunch,64
2025-12-08_Dinner,2025-12-08 18:30:00,Dinner,40
2025-12-08_Snack,2025-12-08 15:30:00,Snack,20
2025-12-09_Breakfast,2025-12-09 08:15:00,Breakfast,54
2025-12-09_Lunch,2025-12-09 12:45:00,Lunch,72
2025-12-09_Dinner,2025-12-09 18:30:00,Dinner,51
2025-12-10_Breakfast,2025-12-10 08:15:00,Breakfast,52
2025-12-10_Lunch,2025-12-10 12:45:00,Lunch,77
2025-12-10_Dinner,2025-12-10 18:30:00,Dinner,49
2025-12-10_Snack,2025-12-10 15:30:00,Snack,20
2025-12-11_Breakfast,2025-12-11 08:15:00,Breakfast,45
2025-12-11_Lunch,2025-12-11 12:45:00,Lunch,50
2025-12-11_Dinner,2025-12-11 18:30:00,Dinner,67
2025-12-12_Breakfast,2025-12-12 08:15:00,Breakfast,37
2025-12-12_Lunch,2025-12-12 12:45:00,Lunch,47
2025-12-12_Dinner,2025-12-12 18:30:00,Dinner,38
2025-12-12_Snack,2025-12-12 15:30:00,Snack,20
2025-12-13_Breakfast,2025-12-13 08:15:00,Breakfast,34
2025-12-13_Lunch,2025-12-13 12:45:00,Lunch,47
2025-12-13_Dinner,2025-12-13 18:30:00,Dinner,49
2025-12-14_Breakfast,2025-12-14 08:15:00,Breakfast,53
2025-12-14_Lunch,2025-12-14 12:45:00,Lunch,63
2025-12-14_Dinner,2025-12-14 18:30:00,Dinner,59
2025-12-14_Snack,2025-12-14 15:30:00,Snack,23
2025-12-15_Breakfast,2025-12-15 08:15:00,Breakfast,41
2025-12-15_Lunch,2025-12-15 12:45:00,Lunch,45
2025-12-15_Dinner,2025-12-15 18:30:00,Dinner,61
2025-12-15_Snack,2025-12-15 15:30:00,Snack,24
2025-12-16_Breakfast,2025-12-16 08:15:00,Breakfast,46
2025-12-16_Lunch,2025-12-16 12:45:00,Lunch,50
2025-12-16_Dinner,2025-12-16 18:30:00,Dinner,52
2025-12-16_Snack,2025-12-16 15:30:00,Snack,23
2025-12-17_Breakfast,2025-12-17 08:15:00,Breakfast,32
2025-12-17_Lunch,2025-12-17 12:45:00,Lunch,58
2025-12-17_Dinner,2025-12-17 18:30:00,Dinner,44
2025-12-18_Breakfast,2025-12-18 08:15:00,Breakfast,42
2025-12-18_Lunch,2025-12-18 12:45:00,Lunch,80
2025-12-18_Dinner,2025-12-18 18:30:00,Dinner,41
2025-12-19_Breakfast,2025-12-19 08:15:00,Breakfast,26
2025-12-19_Lunch,2025-12-19 12:45:00,Lunch,53
2025-12-19_Dinner,2025-12-19 18:30:00,Dinner,65
2025-12-19_Snack,2025-12-19 15:30:00,Snack,10
2025-12-20_Breakfast,2025-12-20 08:15:00,Breakfast,47
2025-12-20_Lunch,2025-12-20 12:45:00,Lunch,59
2025-12-20_Dinner,2025-12-20 18:30:00,Dinner,67
2025-12-20_Snack,2025-12-20 15:30:00,Snack,23
2025-12-21_Breakfast,2025-12-21 08:15:00,Breakfast,46
2025-12-21_Lunch,2025-12-21 12:45:00,Lunch,47
2025-12-21_Dinner,2025-12-21 18:30:00,Dinner,39
2025-12-21_Snack,2025-12-21 15:30:00,Snack,22
2025-12-22_Breakfast,2025-12-22 08:15:00,Breakfast,32
2025-12-22_Lunch,2025-12-22 12:45:00,Lunch,72
2025-12-22_Dinner,2025-12-22 18:30:00,Dinner,69
2025-12-22_Snack,2025-12-22 15:30:00,Snack,20
2025-12-23_Breakfast,2025-12-23 08:15:00,Breakfast,44
2025-12-23_Lunch,2025-12-23 12:45:00,Lunch,80
2025-12-23_Dinner,2025-12-23 18:30:00,Dinner,71
2025-12-24_Breakfast,2025-12-24 08:15:00,Breakfast,26
2025-12-24_Lunch,2025-12-24 12:45:00,Lunch,46
2025-12-24_Dinner,2025-12-24 18:30:00,Dinner,38
2025-12-24_Snack,2025-12-24 15:30:00,Snack,17
2025-12-25_Breakfast,2025-12-25 08:15:00,Breakfast,47
2025-12-25_Lunch,2025-12-25 12:45:00,Lunch,59
2025-12-25_Dinner,2025-12-25 18:30:00,Dinner,68
2025-12-26_Breakfast,2025-12-26 08:15:00,Breakfast,48
2025-12-26_Lunch,2025-12-26 12:45:00,Lunch,80
2025-12-26_Dinner,2025-12-26 18:30:00,Dinner,62
2025-12-26_Snack,2025-12-26 15:30:00,Snack,22
2025-12-27_Breakfast,2025-12-27 08:15:00,Breakfast,45
2025-12-27_Lunch,2025-12-27 12:45:00,Lunch,59
2025-12-27_Dinner,2025-12-27 18:30:00,Dinner,75
2025-12-28_Breakfast,2025-12-28 08:15:00,Breakfast,28
2025-12-28_Lunch,2025-12-28 12:45:00,Lunch,68
2025-12-28_Dinner,2025-12-28 18:30:00,Dinner,55
2025-12-28_Snack,2025-12-28 15:30:00,Snack,11
2025-12-29_Breakfast,2025-12-29 08:15:00,Breakfast,37
2025-12-29_Lunch,2025-12-29 12:45:00,Lunch,52
2025-12-29_Dinner,2025-12-29 18:30:00,Dinner,51
2025-12-29_Snack,2025-12-29 15:30:00,Snack,14
2025-12-30_Breakfast,2025-12-30 08:15:00,Breakfast,44
2025-12-30_Lunch,2025-12-30 12:45:00,Lunch,76
2025-12-30_Dinner,2025-12-30 18:30:00,Dinner,64
2025-12-30_Snack,2025-12-30 15:30:00,Snack,20
2025-12-31_Breakfast,2025-12-31 08:15:00,Breakfast,35
2025-12-31_Lunch,2025-12-31 12:45:00,Lunch,68
2025-12-31_Dinner,2025-12-31 18:30:00,Dinner,57
2025-12-31_Snack,2025-12-31 15:30:00,Snack,17
2026-01-01_Breakfast,2026-01-01 08:15:00,Breakfast,53
2026-01-01_Lunch,2026-01-01 12:45:00,Lunch,52
2026-01-01_Dinner,2026-01-01 18:30:00,Dinner,70
2026-01-01_Snack,2026-01-01 15:30:00,Snack,20
2026-01-02_Breakfast,2026-01-02 08:15:00,Breakfast,38
2026-01-02_Lunch,2026-01-02 12:45:00,Lunch,48
2026-01-02_Dinner,2026-01-02 18:30:00,Dinner,51
2026-01-02_Snack,2026-01-02 15:30:00,Snack,23
2026-01-03_Breakfast,2026-01-03 08:15:00,Breakfast,32
2026-01-03_Lunch,2026-01-03 12:45:00,Lunch,54
2026-01-03_Dinner,2026-01-03 18:30:00,Dinner,68
2026-01-04_Breakfast,2026-01-04 08:15:00,Breakfast,42
2026-01-04_Lunch,2026-01-04 12:45:00,Lunch,40
2026-01-04_Dinner,2026-01-04 18:30:00,Dinner,71
2026-01-05_Breakfast,2026-01-05 08:15:00,Breakfast,40
2026-01-05_Lunch,2026-01-05 12:45:00,Lunch,75
2026-01-05_Dinner,2026-01-05 18:30:00,Dinner,42
2026-01-06_Breakfast,2026-01-06 08:15:00,Breakfast,25
2026-01-06_Lunch,2026-01-06 12:45:00,Lunch,53
2026-01-06_Dinner,2026-01-06 18:30:00,Dinner,60
2026-01-07_Breakfast,2026-01-07 08:15:00,Breakfast,35
2026-01-07_Lunch,2026-01-07 12:45:00,Lunch,54
2026-01-07_Dinner,2026-01-07 18:30:00,Dinner,60
2026-01-07_Snack,2026-01-07 15:30:00,Snack,19
2026-01-08_Breakfast,2026-01-08 08:15:00,Breakfast,39
2026-01-08_Lunch,2026-01-08 12:45:00,Lunch,43
2026-01-08_Dinner,2026-01-08 18:30:00,Dinner,62
2026-01-08_Snack,2026-01-08 15:30:00,Snack,10
2026-01-09_Breakfast,2026-01-09 08:15:00,Breakfast,55
2026-01-09_Lunch,2026-01-09 12:45:00,Lunch,55
2026-01-09_Dinner,2026-01-09 18:30:00,Dinner,55
2026-01-09_Snack,2026-01-09 15:30:00,Snack,21
2026-01-10_Breakfast,2026-01-10 08:15:00,Breakfast,54
2026-01-10_Lunch,2026-01-10 12:45:00,Lunch,52
2026-01-10_Dinner,2026-01-10 18:30:00,Dinner,42
2026-01-11_Breakfast,2026-01-11 08:15:00,Breakfast,47
2026-01-11_Lunch,2026-01-11 12:45:00,Lunch,71
2026-01-11_Dinner,2026-01-11 18:30:00,Dinner,69
2026-01-12_Breakfast,2026-01-12 08:15:00,Breakfast,26
2026-01-12_Lunch,2026-01-12 12:45:00,Lunch,77
2026-01-12_Dinner,2026-01-12 18:30:00,Dinner,45
2026-01-13_Breakfast,2026-01-13 08:15:00,Breakfast,27
2026-01-13_Lunch,2026-01-13 12:45:00,Lunch,66
2026-01-13_Dinner,2026-01-13 18:30:00,Dinner,52
2026-01-14_Breakfast,2026-01-14 08:15:00,Breakfast,31
2026-01-14_Lunch,2026-01-14 12:45:00,Lunch,77
2026-01-14_Dinner,2026-01-14 18:30:00,Dinner,53
2026-01-15_Breakfast,2026-01-15 08:15:00,Breakfast,51
2026-01-15_Lunch,2026-01-15 12:45:00,Lunch,58
2026-01-15_Dinner,2026-01-15 18:30:00,Dinner,75
2026-01-15_Snack,2026-01-15 15:30:00,Snack,25
2026-01-16_Breakfast,2026-01-16 08:15:00,Breakfast,44
2026-01-16_Lunch,2026-01-16 12:45:00,Lunch,77
2026-01-16_Dinner,2026-01-16 18:30:00,Dinner,72
2026-01-16_Snack,2026-01-16 15:30:00,Snack,20
2026-01-17_Breakfast,2026-01-17 08:15:00,Breakfast,47
2026-01-17_Lunch,2026-01-17 12:45:00,Lunch,56
2026-01-17_Dinner,2026-01-17 18:30:00,Dinner,72
2026-01-18_Breakfast,2026-01-18 08:15:00,Breakfast,55
2026-01-18_Lunch,2026-01-18 12:45:00,Lunch,62
2026-01-18_Dinner,2026-01-18 18:30:00,Dinner,67
2026-01-19_Breakfast,2026-01-19 08:15:00,Breakfast,32
2026-01-19_Lunch,2026-01-19 12:45:00,Lunch,57
2026-01-19_Dinner,2026-01-19 18:30:00,Dinner,65
2026-01-19_Snack,2026-01-19 15:30:00,Snack,21
2026-01-20_Breakfast,2026-01-20 08:15:00,Breakfast,36
2026-01-20_Lunch,2026-01-20 12:45:00,Lunch,73
2026-01-20_Dinner,2026-01-20 18:30:00,Dinner,64
2026-01-20_Snack,2026-01-20 15:30:00,Snack,23
2026-01-21_Breakfast,2026-01-21 08:15:00,Breakfast,30
2026-01-21_Lunch,2026-01-21 12:45:00,Lunch,71
2026-01-21_Dinner,2026-01-21 18:30:00,Dinner,43
2026-01-22_Breakfast,2026-01-22 08:15:00,Breakfast,36
2026-01-22_Lunch,2026-01-22 12:45:00,Lunch,70
2026-01-22_Dinner,2026-01-22 18:30:00,Dinner,38
2026-01-22_Snack,2026-01-22 15:30:00,Snack,23
2026-01-23_Breakfast,2026-01-23 08:15:00,Breakfast,43
2026-01-23_Lunch,2026-01-23 12:45:00,Lunch,40
2026-01-23_Dinner,2026-01-23 18:30:00,Dinner,46
2026-01-24_Breakfast,2026-01-24 08:15:00,Breakfast,55
2026-01-24_Lunch,2026-01-24 12:45:00,Lunch,42
2026-01-24_Dinner,2026-01-24 18:30:00,Dinner,75
2026-01-25_Breakfast,2026-01-25 08:15:00,Breakfast,45
2026-01-25_Lunch,2026-01-25 12:45:00,Lunch,65
2026-01-25_Dinner,2026-01-25 18:30:00,Dinner,69
2026-01-26_Breakfast,2026-01-26 08:15:00,Breakfast,44
2026-01-26_Lunch,2026-01-26 12:45:00,Lunch,57
2026-01-26_Dinner,2026-01-26 18:30:00,Dinner,75
2026-01-26_Snack,2026-01-26 15:30:00,Snack,13
2026-01-27_Breakfast,2026-01-27 08:15:00,Breakfast,47
2026-01-27_Lunch,2026-01-27 12:45:00,Lunch,46
2026-01-27_Dinner,2026-01-27 18:30:00,Dinner,50
2026-01-28_Breakfast,2026-01-28 08:15:00,Breakfast,25
2026-01-28_Lunch,2026-01-28 12:45:00,Lunch,60
2026-01-28_Dinner,2026-01-28 18:30:00,Dinner,36
2026-01-29_Breakfast,2026-01-29 08:15:00,Breakfast,38
2026-01-29_Lunch,2026-01-29 12:45:00,Lunch,46
2026-01-29_Dinner,2026-01-29 18:30:00,Dinner,68
2026-01-30_Breakfast,2026-01-30 08:15:00,Breakfast,54
2026-01-30_Lunch,2026-01-30 12:45:00,Lunch,74
2026-01-30_Dinner,2026-01-30 18:30:00,Dinner,51
2026-01-30_Snack,2026-01-30 15:30:00,Snack,25
2026-01-31_Breakfast,2026-01-31 08:15:00,Breakfast,33
2026-01-31_Lunch,2026-01-31 12:45:00,Lunch,42
2026-01-31_Dinner,2026-01-31 18:30:00,Dinner,35
2026-02-01_Breakfast,2026-02-01 08:15:00,Breakfast,48
2026-02-01_Lunch,2026-02-01 12:45:00,Lunch,75
2026-02-01_Dinner,2026-02-01 18:30:00,Dinner,72
2026-02-01_Snack,2026-02-01 15:30:00,Snack,24
2026-02-02_Breakfast,2026-02-02 08:15:00,Breakfast,53
2026-02-02_Lunch,2026-02-02 12:45:00,Lunch,71
2026-02-02_Dinner,2026-02-02 18:30:00,Dinner,48
2026-02-02_Snack,2026-02-02 15:30:00,Snack,22
2026-02-03_Breakfast,2026-02-03 08:15:00,Breakfast,49
2026-02-03_Lunch,2026-02-03 12:45:00,Lunch,77
2026-02-03_Dinner,2026-02-03 18:30:00,Dinner,51
2026-02-03_Snack,2026-02-03 15:30:00,Snack,19
2026-02-04_Breakfast,2026-02-04 08:15:00,Breakfast,33
2026-02-04_Lunch,2026-02-04 12:45:00,Lunch,63
2026-02-04_Dinner,2026-02-04 18:30:00,Dinner,35
2026-02-05_Breakfast,2026-02-05 08:15:00,Breakfast,36
2026-02-05_Lunch,2026-02-05 12:45:00,Lunch,78
2026-02-05_Dinner,2026-02-05 18:30:00,Dinner,74
2026-02-06_Breakfast,2026-02-06 08:15:00,Breakfast,52
2026-02-06_Lunch,2026-02-06 12:45:00,Lunch,43
2026-02-06_Dinner,2026-02-06 18:30:00,Dinner,49
2026-02-07_Breakfast,2026-02-07 08:15:00,Breakfast,45
2026-02-07_Lunch,2026-02-07 12:45:00,Lunch,68
2026-02-07_Dinner,2026-02-07 18:30:00,Dinner,54
2026-02-08_Breakfast,2026-02-08 08:15:00,Breakfast,52
2026-02-08_Lunch,2026-02-08 12:45:00,Lunch,64
2026-02-08_Dinner,2026-02-08 18:30:00,Dinner,35
2026-02-09_Breakfast,2026-02-09 08:15:00,Breakfast,26
2026-02-09_Lunch,2026-02-09 12:45:00,Lunch,61
2026-02-09_Dinner,2026-02-09 18:30:00,Dinner,56
2026-02-09_Snack,2026-02-09 15:30:00,Snack,25
2026-02-10_Breakfast,2026-02-10 08:15:00,Breakfast,50
2026-02-10_Lunch,2026-02-10 12:45:00,Lunch,80
2026-02-10_Dinner,2026-02-10 18:30:00,Dinner,35
2026-02-10_Snack,2026-02-10 15:30:00,Snack,24
2026-02-11_Breakfast,2026-02-11 08:15:00,Breakfast,30
2026-02-11_Lunch,2026-02-11 12:45:00,Lunch,57
2026-02-11_Dinner,2026-02-11 18:30:00,Dinner,59
2026-02-12_Breakfast,2026-02-12 08:15:00,Breakfast,46
2026-02-12_Lunch,2026-02-12 12:45:00,Lunch,45
2026-02-12_Dinner,2026-02-12 18:30:00,Dinner,36
2026-02-13_Breakfast,2026-02-13 08:15:00,Breakfast,39
2026-02-13_Lunch,2026-02-13 12:45:00,Lunch,59
2026-02-13_Dinner,2026-02-13 18:30:00,Dinner,64
2026-02-14_Breakfast,2026-02-14 08:15:00,Breakfast,40
2026-02-14_Lunch,2026-02-14 12:45:00,Lunch,63
2026-02-14_Dinner,2026-02-14 18:30:00,Dinner,36
2026-02-15_Breakfast,2026-02-15 08:15:00,Breakfast,40
2026-02-15_Lunch,2026-02-15 12:45:00,Lunch,53
2026-02-15_Dinner,2026-02-15 18:30:00,Dinner,64
2026-02-15_Snack,2026-02-15 15:30:00,Snack,18
2026-02-16_Breakfast,2026-02-16 08:15:00,Breakfast,48
2026-02-16_Lunch,2026-02-16 12:45:00,Lunch,54
2026-02-16_Dinner,2026-02-16 18:30:00,Dinner,54
2026-02-17_Breakfast,2026-02-17 08:15:00,Breakfast,47
2026-02-17_Lunch,2026-02-17 12:45:00,Lunch,68
2026-02-17_Dinner,2026-02-17 18:30:00,Dinner,62
2026-02-18_Breakfast,2026-02-18 08:15:00,Breakfast,43
2026-02-18_Lunch,2026-02-18 12:45:00,Lunch,43
2026-02-18_Dinner,2026-02-18 18:30:00,Dinner,72
2026-02-19_Breakfast,2026-02-19 08:15:00,Breakfast,42
2026-02-19_Lunch,2026-02-19 12:45:00,Lunch,52
2026-02-19_Dinner,2026-02-19 18:30:00,Dinner,59
2026-02-20_Breakfast,2026-02-20 08:15:00,Breakfast,35
2026-02-20_Lunch,2026-02-20 12:45:00,Lunch,59
2026-02-20_Dinner,2026-02-20 18:30:00,Dinner,57
2026-02-21_Breakfast,2026-02-21 08:15:00,Breakfast,26
2026-02-21_Lunch,2026-02-21 12:45:00,Lunch,71
2026-02-21_Dinner,2026-02-21 18:30:00,Dinner,52
2026-02-22_Breakfast,2026-02-22 08:15:00,Breakfast,35
2026-02-22_Lunch,2026-02-22 12:45:00,Lunch,72
2026-02-22_Dinner,2026-02-22 18:30:00,Dinner,72
2026-02-22_Snack,2026-02-22 15:30:00,Snack,15
2026-02-23_Breakfast,2026-02-23 08:15:00,Breakfast,53
2026-02-23_Lunch,2026-02-23 12:45:00,Lunch,77
2026-02-23_Dinner,2026-02-23 18:30:00,Dinner,70
2026-02-23_Snack,2026-02-23 15:30:00,Snack,12
2026-02-24_Breakfast,2026-02-24 08:15:00,Breakfast,29
2026-02-24_Lunch,2026-02-24 12:45:00,Lunch,41
2026-02-24_Dinner,2026-02-24 18:30:00,Dinner,73
2026-02-25_Breakfast,2026-02-25 08:15:00,Breakfast,54
2026-02-25_Lunch,2026-02-25 12:45:00,Lunch,47
2026-02-25_Dinner,2026-02-25 18:30:00,Dinner,40
2026-02-26_Breakfast,2026-02-26 08:15:00,Breakfast,51
2026-02-26_Lunch,2026-02-26 12:45:00,Lunch,41
2026-02-26_Dinner,2026-02-26 18:30:00,Dinner,59
2026-02-26_Snack,2026-02-26 15:30:00,Snack,24
2026-02-27_Breakfast,2026-02-27 08:15:00,Breakfast,27
2026-02-27_Lunch,2026-02-27 12:45:00,Lunch,49
2026-02-27_Dinner,2026-02-27 18:30:00,Dinner,40
2026-02-27_Snack,2026-02-27 15:30:00,Snack,16
2026-02-28_Breakfast,2026-02-28 08:15:00,Breakfast,53
2026-02-28_Lunch,2026-02-28 12:45:00,Lunch,70
2026-02-28_Dinner,2026-02-28 18:30:00,Dinner,50
2026-03-01_Breakfast,2026-03-01 08:15:00,Breakfast,26
2026-03-01_Lunch,2026-03-01 12:45:00,Lunch,80
2026-03-01_Dinner,2026-03-01 18:30:00,Dinner,66
2026-03-02_Breakfast,2026-03-02 08:15:00,Breakfast,33
2026-03-02_Lunch,2026-03-02 12:45:00,Lunch,51
2026-03-02_Dinner,2026-03-02 18:30:00,Dinner,71
2026-03-03_Breakfast,2026-03-03 08:15:00,Breakfast,48
2026-03-03_Lunch,2026-03-03 12:45:00,Lunch,69
2026-03-03_Dinner,2026-03-03 18:30:00,Dinner,62
2026-03-04_Breakfast,2026-03-04 08:15:00,Breakfast,36
2026-03-04_Lunch,2026-03-04 12:45:00,Lunch,40
2026-03-04_Dinner,2026-03-04 18:30:00,Dinner,52
2026-03-05_Breakfast,2026-03-05 08:15:00,Breakfast,51
2026-03-05_Lunch,2026-03-05 12:45:00,Lunch,40
2026-03-05_Dinner,2026-03-05 18:30:00,Dinner,68
2026-03-05_Snack,2026-03-05 15:30:00,Snack,15
2026-03-06_Breakfast,2026-03-06 08:15:00,Breakfast,38
2026-03-06_Lunch,2026-03-06 12:45:00,Lunch,51
2026-03-06_Dinner,2026-03-06 18:30:00,Dinner,49
2026-03-07_Breakfast,2026-03-07 08:15:00,Breakfast,55
2026-03-07_Lunch,2026-03-07 12:45:00,Lunch,63
2026-03-07_Dinner,2026-03-07 18:30:00,Dinner,71
2026-03-08_Breakfast,2026-03-08 08:15:00,Breakfast,35
2026-03-08_Lunch,2026-03-08 12:45:00,Lunch,56
2026-03-08_Dinner,2026-03-08 18:30:00,Dinner,58
2026-03-09_Breakfast,2026-03-09 08:15:00,Breakfast,33
2026-03-09_Lunch,2026-03-09 12:45:00,Lunch,72
2026-03-09_Dinner,2026-03-09 18:30:00,Dinner,47
2026-03-10_Breakfast,2026-03-10 08:15:00,Breakfast,25
2026-03-10_Lunch,2026-03-10 12:45:00,Lunch,75
2026-03-10_Dinner,2026-03-10 18:30:00,Dinner,41
2026-03-11_Breakfast,2026-03-11 08:15:00,Breakfast,43
2026-03-11_Lunch,2026-03-11 12:45:00,Lunch,70
2026-03-11_Dinner,2026-03-11 18:30:00,Dinner,73
2026-03-12_Breakfast,2026-03-12 08:15:00,Breakfast,48
2026-03-12_Lunch,2026-03-12 12:45:00,Lunch,78
2026-03-12_Dinner,2026-03-12 18:30:00,Dinner,61
2026-03-12_Snack,2026-03-12 15:30:00,Snack,11
2026-03-13_Breakfast,2026-03-13 08:15:00,Breakfast,25
2026-03-13_Lunch,2026-03-13 12:45:00,Lunch,76
2026-03-13_Dinner,2026-03-13 18:30:00,Dinner,52
2026-03-13_Snack,2026-03-13 15:30:00,Snack,22
2026-03-14_Breakfast,2026-03-14 08:15:00,Breakfast,31
2026-03-14_Lunch,2026-03-14 12:45:00,Lunch,62
2026-03-14_Dinner,2026-03-14 18:30:00,Dinner,66
2026-03-15_Breakfast,2026-03-15 08:15:00,Breakfast,25
2026-03-15_Lunch,2026-03-15 12:45:00,Lunch,78
2026-03-15_Dinner,2026-03-15 18:30:00,Dinner,62
2026-03-16_Breakfast,2026-03-16 08:15:00,Breakfast,52
2026-03-16_Lunch,2026-03-16 12:45:00,Lunch,71
2026-03-16_Dinner,2026-03-16 18:30:00,Dinner,36
2026-03-17_Breakfast,2026-03-17 08:15:00,Breakfast,33
2026-03-17_Lunch,2026-03-17 12:45:00,Lunch,67
2026-03-17_Dinner,2026-03-17 18:30:00,Dinner,71
2026-03-17_Snack,2026-03-17 15:30:00,Snack,10
2026-03-18_Breakfast,2026-03-18 08:15:00,Breakfast,36
2026-03-18_Lunch,2026-03-18 12:45:00,Lunch,74
2026-03-18_Dinner,2026-03-18 18:30:00,Dinner,46
2026-03-19_Breakfast,2026-03-19 08:15:00,Breakfast,46
2026-03-19_Lunch,2026-03-19 12:45:00,Lunch,43
2026-03-19_Dinner,2026-03-19 18:30:00,Dinner,63
2026-03-19_Snack,2026-03-19 15:30:00,Snack,23
2026-03-20_Breakfast,2026-03-20 08:15:00,Breakfast,40
2026-03-20_Lunch,2026-03-20 12:45:00,Lunch,49
2026-03-20_Dinner,2026-03-20 18:30:00,Dinner,73
2026-03-21_Breakfast,2026-03-21 08:15:00,Breakfast,46
2026-03-21_Lunch,2026-03-21 12:45:00,Lunch,73
2026-03-21_Dinner,2026-03-21 18:30:00,Dinner,64
2026-03-21_Snack,2026-03-21 15:30:00,Snack,24
2026-03-22_Breakfast,2026-03-22 08:15:00,Breakfast,35
2026-03-22_Lunch,2026-03-22 12:45:00,Lunch,66
2026-03-22_Dinner,2026-03-22 18:30:00,Dinner,55
2026-03-22_Snack,2026-03-22 15:30:00,Snack,16
2026-03-23_Breakfast,2026-03-23 08:15:00,Breakfast,36
2026-03-23_Lunch,2026-03-23 12:45:00,Lunch,68
2026-03-23_Dinner,2026-03-23 18:30:00,Dinner,39
2026-03-23_Snack,2026-03-23 15:30:00,Snack,14
2026-03-24_Breakfast,2026-03-24 08:15:00,Breakfast,32
2026-03-24_Lunch,2026-03-24 12:45:00,Lunch,56
2026-03-24_Dinner,2026-03-24 18:30:00,Dinner,75
2026-03-24_Snack,2026-03-24 15:30:00,Snack,18
2026-03-25_Breakfast,2026-03-25 08:15:00,Breakfast,28
2026-03-25_Lunch,2026-03-25 12:45:00,Lunch,58
2026-03-25_Dinner,2026-03-25 18:30:00,Dinner,36
2026-03-25_Snack,2026-03-25 15:30:00,Snack,15
2026-03-26_Breakfast,2026-03-26 08:15:00,Breakfast,37
2026-03-26_Lunch,2026-03-26 12:45:00,Lunch,62
2026-03-26_Dinner,2026-03-26 18:30:00,Dinner,68
2026-03-27_Breakfast,2026-03-27 08:15:00,Breakfast,26
2026-03-27_Lunch,2026-03-27 12:45:00,Lunch,65
2026-03-27_Dinner,2026-03-27 18:30:00,Dinner,41
2026-03-28_Breakfast,2026-03-28 08:15:00,Breakfast,39
2026-03-28_Lunch,2026-03-28 12:45:00,Lunch,43
2026-03-28_Dinner,2026-03-28 18:30:00,Dinner,36
2026-03-28_Snack,2026-03-28 15:30:00,Snack,14
2026-03-29_Breakfast,2026-03-29 08:15:00,Breakfast,42
2026-03-29_Lunch,2026-03-29 12:45:00,Lunch,63
2026-03-29_Dinner,2026-03-29 18:30:00,Dinner,56
2026-03-30_Breakfast,2026-03-30 08:15:00,Breakfast,42
2026-03-30_Lunch,2026-03-30 12:45:00,Lunch,56
2026-03-30_Dinner,2026-03-30 18:30:00,Dinner,72
2026-03-31_Breakfast,2026-03-31 08:15:00,Breakfast,53
2026-03-31_Lunch,2026-03-31 12:45:00,Lunch,56
2026-03-31_Dinner,2026-03-31 18:30:00,Dinner,49
2026-04-01_Breakfast,2026-04-01 08:15:00,Breakfast,55
2026-04-01_Lunch,2026-04-01 12:45:00,Lunch,55
2026-04-01_Dinner,2026-04-01 18:30:00,Dinner,49
2026-04-01_Snack,2026-04-01 15:30:00,Snack,19
2026-04-02_Breakfast,2026-04-02 08:15:00,Breakfast,32
2026-04-02_Lunch,2026-04-02 12:45:00,Lunch,44
2026-04-02_Dinner,2026-04-02 18:30:00,Dinner,75
2026-04-03_Breakfast,2026-04-03 08:15:00,Breakfast,29
2026-04-03_Lunch,2026-04-03 12:45:00,Lunch,80
2026-04-03_Dinner,2026-04-03 18:30:00,Dinner,63
2026-04-04_Breakfast,2026-04-04 08:15:00,Breakfast,44
2026-04-04_Lunch,2026-04-04 12:45:00,Lunch,47
2026-04-04_Dinner,2026-04-04 18:30:00,Dinner,75
2026-04-05_Breakfast,2026-04-05 08:15:00,Breakfast,30
2026-04-05_Lunch,2026-04-05 12:45:00,Lunch,79
2026-04-05_Dinner,2026-04-05 18:30:00,Dinner,69
2026-04-05_Snack,2026-04-05 15:30:00,Snack,12
2026-04-06_Breakfast,2026-04-06 08:15:00,Breakfast,53
2026-04-06_Lunch,2026-04-06 12:45:00,Lunch,42
2026-04-06_Dinner,2026-04-06 18:30:00,Dinner,65
2026-04-06_Snack,2026-04-06 15:30:00,Snack,25
2026-04-07_Breakfast,2026-04-07 08:15:00,Breakfast,45
2026-04-07_Lunch,2026-04-07 12:45:00,Lunch,46
2026-04-07_Dinner,2026-04-07 18:30:00,Dinner,67
2026-04-08_Breakfast,2026-04-08 08:15:00,Breakfast,31
2026-04-08_Lunch,2026-04-08 12:45:00,Lunch,50
2026-04-08_Dinner,2026-04-08 18:30:00,Dinner,71
2026-04-08_Snack,2026-04-08 15:30:00,Snack,12
2026-04-09_Breakfast,2026-04-09 08:15:00,Breakfast,35
2026-04-09_Lunch,2026-04-09 12:45:00,Lunch,47
2026-04-09_Dinner,2026-04-09 18:30:00,Dinner,38
2026-04-10_Breakfast,2026-04-10 08:15:00,Breakfast,34
2026-04-10_Lunch,2026-04-10 12:45:00,Lunch,65
2026-04-10_Dinner,2026-04-10 18:30:00,Dinner,60
2026-04-10_Snack,2026-04-10 15:30:00,Snack,17
2026-04-11_Breakfast,2026-04-11 08:15:00,Breakfast,44
2026-04-11_Lunch,2026-04-11 12:45:00,Lunch,44
2026-04-11_Dinner,2026-04-11 18:30:00,Dinner,50
2026-04-12_Breakfast,2026-04-12 08:15:00,Breakfast,54
2026-04-12_Lunch,2026-04-12 12:45:00,Lunch,55
2026-04-12_Dinner,2026-04-12 18:30:00,Dinner,47
2026-04-13_Breakfast,2026-04-13 08:15:00,Breakfast,51
2026-04-13_Lunch,2026-04-13 12:45:00,Lunch,67
2026-04-13_Dinner,2026-04-13 18:30:00,Dinner,42
2026-04-14_Breakfast,2026-04-14 08:15:00,Breakfast,46
2026-04-14_Lunch,2026-04-14 12:45:00,Lunch,59
2026-04-14_Dinner,2026-04-14 18:30:00,Dinner,50
2026-04-14_Snack,2026-04-14 15:30:00,Snack,16
2026-04-15_Breakfast,2026-04-15 08:15:00,Breakfast,29
2026-04-15_Lunch,2026-04-15 12:45:00,Lunch,71
2026-04-15_Dinner,2026-04-15 18:30:00,Dinner,65
2026-04-16_Breakfast,2026-04-16 08:15:00,Breakfast,39
2026-04-16_Lunch,2026-04-16 12:45:00,Lunch,54
2026-04-16_Dinner,2026-04-16 18:30:00,Dinner,75
2026-04-17_Breakfast,2026-04-17 08:15:00,Breakfast,43
2026-04-17_Lunch,2026-04-17 12:45:00,Lunch,49
2026-04-17_Dinner,2026-04-17 18:30:00,Dinner,48
2026-04-18_Breakfast,2026-04-18 08:15:00,Breakfast,54
2026-04-18_Lunch,2026-04-18 12:45:00,Lunch,51
2026-04-18_Dinner,2026-04-18 18:30:00,Dinner,52
2026-04-19_Breakfast,2026-04-19 08:15:00,Breakfast,43
2026-04-19_Lunch,2026-04-19 12:45:00,Lunch,58
2026-04-19_Dinner,2026-04-19 18:30:00,Dinner,65
2026-04-19_Snack,2026-04-19 15:30:00,Snack,18
2026-04-20_Breakfast,2026-04-20 08:15:00,Breakfast,48
2026-04-20_Lunch,2026-04-20 12:45:00,Lunch,58
2026-04-20_Dinner,2026-04-20 18:30:00,Dinner,62
2026-04-20_Snack,2026-04-20 15:30:00,Snack,13
2026-04-21_Breakfast,2026-04-21 08:15:00,Breakfast,51
2026-04-21_Lunch,2026-04-21 12:45:00,Lunch,53
2026-04-21_Dinner,2026-04-21 18:30:00,Dinner,62
2026-04-21_Snack,2026-04-21 15:30:00,Snack,13
2026-04-22_Breakfast,2026-04-22 08:15:00,Breakfast,44
2026-04-22_Lunch,2026-04-22 12:45:00,Lunch,68
2026-04-22_Dinner,2026-04-22 18:30:00,Dinner,35
2026-04-23_Breakfast,2026-04-23 08:15:00,Breakfast,35
2026-04-23_Lunch,2026-04-23 12:45:00,Lunch,63
2026-04-23_Dinner,2026-04-23 18:30:00,Dinner,52
2026-04-24_Breakfast,2026-04-24 08:15:00,Breakfast,34
2026-04-24_Lunch,2026-04-24 12:45:00,Lunch,53
2026-04-24_Dinner,2026-04-24 18:30:00,Dinner,41
2026-04-24_Snack,2026-04-24 15:30:00,Snack,12
2026-04-25_Breakfast,2026-04-25 08:15:00,Breakfast,49
2026-04-25_Lunch,2026-04-25 12:45:00,Lunch,68
2026-04-25_Dinner,2026-04-25 18:30:00,Dinner,41
2026-04-25_Snack,2026-04-25 15:30:00,Snack,20
2026-04-26_Breakfast,2026-04-26 08:15:00,Breakfast,48
2026-04-26_Lunch,2026-04-26 12:45:00,Lunch,78
2026-04-26_Dinner,2026-04-26 18:30:00,Dinner,45
2026-04-27_Breakfast,2026-04-27 08:15:00,Breakfast,39
2026-04-27_Lunch,2026-04-27 12:45:00,Lunch,54
2026-04-27_Dinner,2026-04-27 18:30:00,Dinner,48
2026-04-28_Breakfast,2026-04-28 08:15:00,Breakfast,49
2026-04-28_Lunch,2026-04-28 12:45:00,Lunch,63
2026-04-28_Dinner,2026-04-28 18:30:00,Dinner,70
2026-04-29_Breakfast,2026-04-29 08:15:00,Breakfast,27
2026-04-29_Lunch,2026-04-29 12:45:00,Lunch,73
2026-04-29_Dinner,2026-04-29 18:30:00,Dinner,73
2026-04-29_Snack,2026-04-29 15:30:00,Snack,25
2026-04-30_Breakfast,2026-04-30 08:15:00,Breakfast,47
2026-04-30_Lunch,2026-04-30 12:45:00,Lunch,58
2026-04-30_Dinner,2026-04-30 18:30:00,Dinner,75
2026-05-01_Breakfast,2026-05-01 08:15:00,Breakfast,36
2026-05-01_Lunch,2026-05-01 12:45:00,Lunch,51
2026-05-01_Dinner,2026-05-01 18:30:00,Dinner,70
2026-05-02_Breakfast,2026-05-02 08:15:00,Breakfast,43
2026-05-02_Lunch,2026-05-02 12:45:00,Lunch,74
2026-05-02_Dinner,2026-05-02 18:30:00,Dinner,69
2026-05-03_Breakfast,2026-05-03 08:15:00,Breakfast,43
2026-05-03_Lunch,2026-05-03 12:45:00,Lunch,72
2026-05-03_Dinner,2026-05-03 18:30:00,Dinner,64
2026-05-03_Snack,2026-05-03 15:30:00,Snack,13
2026-05-04_Breakfast,2026-05-04 08:15:00,Breakfast,52
2026-05-04_Lunch,2026-05-04 12:45:00,Lunch,68
2026-05-04_Dinner,2026-05-04 18:30:00,Dinner,39
2026-05-05_Breakfast,2026-05-05 08:15:00,Breakfast,34
2026-05-05_Lunch,2026-05-05 12:45:00,Lunch,76
2026-05-05_Dinner,2026-05-05 18:30:00,Dinner,72
2026-05-05_Snack,2026-05-05 15:30:00,Snack,20
2026-05-06_Breakfast,2026-05-06 08:15:00,Breakfast,25
2026-05-06_Lunch,2026-05-06 12:45:00,Lunch,46
2026-05-06_Dinner,2026-05-06 18:30:00,Dinner,54
2026-05-06_Snack,2026-05-06 15:30:00,Snack,23
2026-05-07_Breakfast,2026-05-07 08:15:00,Breakfast,48
2026-05-07_Lunch,2026-05-07 12:45:00,Lunch,75
2026-05-07_Dinner,2026-05-07 18:30:00,Dinner,53
2026-05-08_Breakfast,2026-05-08 08:15:00,Breakfast,27
2026-05-08_Lunch,2026-05-08 12:45:00,Lunch,80
2026-05-08_Dinner,2026-05-08 18:30:00,Dinner,48
2026-05-09_Breakfast,2026-05-09 08:15:00,Breakfast,43
2026-05-09_Lunch,2026-05-09 12:45:00,Lunch,70
2026-05-09_Dinner,2026-05-09 18:30:00,Dinner,61
2026-05-09_Snack,2026-05-09 15:30:00,Snack,22
2026-05-10_Breakfast,2026-05-10 08:15:00,Breakfast,39
2026-05-10_Lunch,2026-05-10 12:45:00,Lunch,45
2026-05-10_Dinner,2026-05-10 18:30:00,Dinner,59
2026-05-11_Breakfast,2026-05-11 08:15:00,Breakfast,44
2026-05-11_Lunch,2026-05-11 12:45:00,Lunch,58
2026-05-11_Dinner,2026-05-11 18:30:00,Dinner,49
2026-05-12_Breakfast,2026-05-12 08:15:00,Breakfast,40
2026-05-12_Lunch,2026-05-12 12:45:00,Lunch,56
2026-05-12_Dinner,2026-05-12 18:30:00,Dinner,70
2026-05-13_Breakfast,2026-05-13 08:15:00,Breakfast,50
2026-05-13_Lunch,2026-05-13 12:45:00,Lunch,76
2026-05-13_Dinner,2026-05-13 18:30:00,Dinner,44
2026-05-14_Breakfast,2026-05-14 08:15:00,Breakfast,53
2026-05-14_Lunch,2026-05-14 12:45:00,Lunch,69
2026-05-14_Dinner,2026-05-14 18:30:00,Dinner,46
2026-05-15_Breakfast,2026-05-15 08:15:00,Breakfast,40
2026-05-15_Lunch,2026-05-15 12:45:00,Lunch,66
2026-05-15_Dinner,2026-05-15 18:30:00,Dinner,49
2026-05-15_Snack,2026-05-15 15:30:00,Snack,11
2026-05-16_Breakfast,2026-05-16 08:15:00,Breakfast,41
2026-05-16_Lunch,2026-05-16 12:45:00,Lunch,73
2026-05-16_Dinner,2026-05-16 18:30:00,Dinner,55
2026-05-17_Breakfast,2026-05-17 08:15:00,Breakfast,29
2026-05-17_Lunch,2026-05-17 12:45:00,Lunch,59
2026-05-17_Dinner,2026-05-17 18:30:00,Dinner,68
2026-05-18_Breakfast,2026-05-18 08:15:00,Breakfast,32
2026-05-18_Lunch,2026-05-18 12:45:00,Lunch,72
2026-05-18_Dinner,2026-05-18 18:30:00,Dinner,45
2026-05-19_Breakfast,2026-05-19 08:15:00,Breakfast,27
2026-05-19_Lunch,2026-05-19 12:45:00,Lunch,42
2026-05-19_Dinner,2026-05-19 18:30:00,Dinner,45
2026-05-20_Breakfast,2026-05-20 08:15:00,Breakfast,44
2026-05-20_Lunch,2026-05-20 12:45:00,Lunch,78
2026-05-20_Dinner,2026-05-20 18:30:00,Dinner,69
2026-05-21_Breakfast,2026-05-21 08:15:00,Breakfast,33
2026-05-21_Lunch,2026-05-21 12:45:00,Lunch,41
2026-05-21_Dinner,2026-05-21 18:30:00,Dinner,73
2026-05-22_Breakfast,2026-05-22 08:15:00,Breakfast,46
2026-05-22_Lunch,2026-05-22 12:45:00,Lunch,47
2026-05-22_Dinner,2026-05-22 18:30:00,Dinner,49
2026-05-22_Snack,2026-05-22 15:30:00,Snack,14
2026-05-23_Breakfast,2026-05-23 08:15:00,Breakfast,27
2026-05-23_Lunch,2026-05-23 12:45:00,Lunch,40
2026-05-23_Dinner,2026-05-23 18:30:00,Dinner,58
2026-05-24_Breakfast,2026-05-24 08:15:00,Breakfast,34
2026-05-24_Lunch,2026-05-24 12:45:00,Lunch,77
2026-05-24_Dinner,2026-05-24 18:30:00,Dinner,69
2026-05-25_Breakfast,2026-05-25 08:15:00,Breakfast,46
2026-05-25_Lunch,2026-05-25 12:45:00,Lunch,51
2026-05-25_Dinner,2026-05-25 18:30:00,Dinner,37
2026-05-26_Breakfast,2026-05-26 08:15:00,Breakfast,27
2026-05-26_Lunch,2026-05-26 12:45:00,Lunch,42
2026-05-26_Dinner,2026-05-26 18:30:00,Dinner,52
